INSERT INTO users (id, about, email, img_url, not_lock, password, role, status, username) VALUES (11, null, 'newkek@milo.com', null, true, '$2a$08$ANYJvRdAegkqdHhjXpguIewl8mCG4BGJ6LYWf1mun3vh7UNvbY9lO', 'USER', 'OFFLINE', 'newkek');
INSERT INTO users (id, about, email, img_url, not_lock, password, role, status, username) VALUES (12, null, 'aaa@aaa.com', null, true, '$2a$08$bYKKgKGeHAB1z9C/wwbzgO3vaQDQMDd5c6/CWTExOrdf3UVh0e9yS', 'USER', 'OFFLINE', 'aaa');
INSERT INTO users (id, about, email, img_url, not_lock, password, role, status, username) VALUES (6, null, 'kek@kek.com', null, true, '$2a$08$P.qM0QcvFvptjgz7uHqN5OIEGMIFOWUaoiWeGacQKBRCXGO294A.2', 'USER', 'OFFLINE', 'kek');
INSERT INTO users (id, about, email, img_url, not_lock, password, role, status, username) VALUES (10, null, 'justuser@kek.com', null, true, '$2a$08$4YYOZZYLY6jIppDRRfxedeQ.OgKCj7cA.K5IwBrLKo6ENY2tso5R6', 'USER', 'OFFLINE', 'justuser');
INSERT INTO users (id, about, email, img_url, not_lock, password, role, status, username) VALUES (4, null, 'cooluser@milo.com', null, true, '$2a$08$sU/ll6Fwa54Q22VIiM14XurfTmx.SUdaUbz8jkXpQum4Bif.C2mLi', 'USER', 'OFFLINE', 'cooluser');
INSERT INTO users (id, about, email, img_url, not_lock, password, role, status, username) VALUES (7, null, 'lul@lul.com', null, true, '$2a$08$a/4TPnFuQEMC/rUyygE4GOmG4WeN8Y7eGhwx3TJZhJImbwAj1aryi', 'USER', 'OFFLINE', 'lul');
INSERT INTO users (id, about, email, img_url, not_lock, password, role, status, username) VALUES (8, null, 'kekw@milo.com', null, true, '$2a$08$npHY3RBEhQo6cLuc3nVXMerFhCcYtuuUYERCoHQGxoK7f8B1RHukW', 'USER', 'OFFLINE', 'kekw');
INSERT INTO users (id, about, email, img_url, not_lock, password, role, status, username) VALUES (5, 'I am newbie', 'newuser@milo.com', 'https://res.cloudinary.com/dlhhx3za7/image/upload/vu3xaahro1ln0gh4rlka', true, '$2a$08$D.nr8g5Nn.5AjsVol0DIbOxYrVCKUGoz0XhoeTanJUej1kDwFy5Xi', 'USER', 'OFFLINE', 'newuser');
INSERT INTO users (id, about, email, img_url, not_lock, password, role, status, username) VALUES (9, null, 'banan@milo.com', null, false, '$2a$08$Gfcqe5l3e8po4dCKdKnnO.BAV7SzOQ1BMw3BHHHvZSWlk4heCRxgm', 'USER', 'OFFLINE', 'ban');
INSERT INTO users (id, about, email, img_url, not_lock, password, role, status, username) VALUES (2, 'I''m an admin and I''ll ban you, so be nice', 'admin@admin.com', 'https://res.cloudinary.com/dlhhx3za7/image/upload/xnrand9i5i5dqvxzs7tb', true, '$2a$08$IO9lt50zfM3nOrcOd0iGJ.qJ2yoYniTLbYYq6M366ianq9GGyA5Ly', 'ADMIN', 'OFFLINE', 'admin');
INSERT INTO users (id, about, email, img_url, not_lock, password, role, status, username) VALUES (1, 'i am first user ;))', 'milo@milo.com', 'https://res.cloudinary.com/dlhhx3za7/image/upload/tqrw2wbwrs3vsnttzem1', true, '$2a$08$e8v3xRoG/nLFGICsCq/Wgul0lAdT2h0/o6r8x7PyEC/0oLUDz9y/G', 'ADMIN', 'OFFLINE', '1');
INSERT INTO users (id, about, email, img_url, not_lock, password, role, status, username) VALUES (3, 'just user', 'user@user.com', 'https://res.cloudinary.com/dlhhx3za7/image/upload/wmkkit0ajnnzyq7ejina', true, '$2a$08$zzxyyfDlW6af/ZntjjettOSys8YiqHPvGtxb8SXL89h0QVH9KEmwy', 'USER', 'ONLINE', 'user');

INSERT INTO clusters (id, description, field_one, field_three, field_two, fields_type, img_url, name, topic, user_id) VALUES (1, 'my first collection', 'field one', 'field three', 'field two', 'MULTILINE_TEXT', 'https://res.cloudinary.com/dlhhx3za7/image/upload/q5osr7bwcxqpb0verx4q', 'first cringe meme collection', 'OTHER', 1);
INSERT INTO clusters (id, description, field_one, field_three, field_two, fields_type, img_url, name, topic, user_id) VALUES (2, 'collection with words', 'word', 'translation', 'transcription', 'TEXT', 'https://res.cloudinary.com/dlhhx3za7/image/upload/v0i8hvvoes9uerprfee4', 'words', 'WORDS', 3);
INSERT INTO clusters (id, description, field_one, field_three, field_two, fields_type, img_url, name, topic, user_id) VALUES (3, 'empty collection', 'one', 'three', 'two', 'TEXT', null, 'name', 'OTHER', 5);
INSERT INTO clusters (id, description, field_one, field_three, field_two, fields_type, img_url, name, topic, user_id) VALUES (4, 'second collection', 'one', 'three', 'two', 'TEXT', null, 'second collection', 'OTHER', 1);
INSERT INTO clusters (id, description, field_one, field_three, field_two, fields_type, img_url, name, topic, user_id) VALUES (5, 'third collection', 'one', 'three', 'two', 'TEXT', null, 'third collection', 'OTHER', 1);
INSERT INTO clusters (id, description, field_one, field_three, field_two, fields_type, img_url, name, topic, user_id) VALUES (6, '4', '1', '3', '2', 'TEXT', null, '4 collection', 'OTHER', 1);
INSERT INTO clusters (id, description, field_one, field_three, field_two, fields_type, img_url, name, topic, user_id) VALUES (7, '5', '1', '3', '2', 'TEXT', null, '5 collection', 'OTHER', 1);
INSERT INTO clusters (id, description, field_one, field_three, field_two, fields_type, img_url, name, topic, user_id) VALUES (8, '6', '1', '3', '2', 'TEXT', null, '6 collection', 'OTHER', 1);
INSERT INTO clusters (id, description, field_one, field_three, field_two, fields_type, img_url, name, topic, user_id) VALUES (9, '7', '1', '3', '2', 'TEXT', null, '7 collection', 'OTHER', 1);
INSERT INTO clusters (id, description, field_one, field_three, field_two, fields_type, img_url, name, topic, user_id) VALUES (10, '8', '1', '3', '2', 'TEXT', null, '8 collection', 'OTHER', 1);
INSERT INTO clusters (id, description, field_one, field_three, field_two, fields_type, img_url, name, topic, user_id) VALUES (11, '9', '1', '3', '2', 'TEXT', null, '9 collection', 'OTHER', 1);
INSERT INTO clusters (id, description, field_one, field_three, field_two, fields_type, img_url, name, topic, user_id) VALUES (12, '10', '1', '3', '2', 'TEXT', null, '10 collection', 'OTHER', 1);
INSERT INTO clusters (id, description, field_one, field_three, field_two, fields_type, img_url, name, topic, user_id) VALUES (13, '11', '1', '3', '2', 'TEXT', null, '11 collection', 'OTHER', 1);
INSERT INTO clusters (id, description, field_one, field_three, field_two, fields_type, img_url, name, topic, user_id) VALUES (14, '12', '1', '3', '2', 'TEXT', null, '12 collection', 'OTHER', 1);
INSERT INTO clusters (id, description, field_one, field_three, field_two, fields_type, img_url, name, topic, user_id) VALUES (15, '13', '1', '3', '2', 'TEXT', null, '13 collection', 'OTHER', 1);
INSERT INTO clusters (id, description, field_one, field_three, field_two, fields_type, img_url, name, topic, user_id) VALUES (16, 'i warned you', 'user', 'comment', 'reason', 'TEXT', 'https://res.cloudinary.com/dlhhx3za7/image/upload/hcgrqordgc7zbzvk52ni', 'banned users', 'OTHER', 2);

INSERT INTO items (id, fields_type, img_url, name, cluster_id) VALUES (1, 'MULTILINE_TEXT', 'https://res.cloudinary.com/dlhhx3za7/image/upload/zuitmhojngzqdcd9gfj0', 'cringe', 1);
INSERT INTO items (id, fields_type, img_url, name, cluster_id) VALUES (3, 'MULTILINE_TEXT', 'https://res.cloudinary.com/dlhhx3za7/image/upload/zox1ihd47ge0lkepedjx', 'some cringe', 1);
INSERT INTO items (id, fields_type, img_url, name, cluster_id) VALUES (2, 'MULTILINE_TEXT', 'https://res.cloudinary.com/dlhhx3za7/image/upload/dcs5i2n7bsehs2aqrjzr', 'another cringe', 1);
INSERT INTO items (id, fields_type, img_url, name, cluster_id) VALUES (4, 'MULTILINE_TEXT', 'https://res.cloudinary.com/dlhhx3za7/image/upload/iqrwgq4kwcmzdzouozge', 'banana', 1);
INSERT INTO items (id, fields_type, img_url, name, cluster_id) VALUES (5, 'MULTILINE_TEXT', 'https://res.cloudinary.com/dlhhx3za7/image/upload/og2myfoon4uugs4piras', 'money', 1);
INSERT INTO items (id, fields_type, img_url, name, cluster_id) VALUES (6, 'MULTILINE_TEXT', 'https://res.cloudinary.com/dlhhx3za7/image/upload/oaot2crhve3etejsfatk', 'kek', 1);
INSERT INTO items (id, fields_type, img_url, name, cluster_id) VALUES (7, 'MULTILINE_TEXT', 'https://res.cloudinary.com/dlhhx3za7/image/upload/zxclylw8djrrunfqvz00', 'aaaaaaaaa', 1);
INSERT INTO items (id, fields_type, img_url, name, cluster_id) VALUES (13, 'MULTILINE_TEXT', 'https://res.cloudinary.com/dlhhx3za7/image/upload/btsbsiu9iziyyf9cczrx', 'meme', 1);
INSERT INTO items (id, fields_type, img_url, name, cluster_id) VALUES (12, 'MULTILINE_TEXT', 'https://res.cloudinary.com/dlhhx3za7/image/upload/eiuc5sodvcitslhnmfio', 'meme', 1);
INSERT INTO items (id, fields_type, img_url, name, cluster_id) VALUES (11, 'MULTILINE_TEXT', 'https://res.cloudinary.com/dlhhx3za7/image/upload/dbcvb6sitelfo18dadra', 'meme', 1);
INSERT INTO items (id, fields_type, img_url, name, cluster_id) VALUES (10, 'MULTILINE_TEXT', 'https://res.cloudinary.com/dlhhx3za7/image/upload/itcqorqn7xjyrq4zcwf1', 'meme', 1);
INSERT INTO items (id, fields_type, img_url, name, cluster_id) VALUES (9, 'MULTILINE_TEXT', 'https://res.cloudinary.com/dlhhx3za7/image/upload/nvdrwfnibtwmrkhftw09', 'meme', 1);
INSERT INTO items (id, fields_type, img_url, name, cluster_id) VALUES (8, 'MULTILINE_TEXT', 'https://res.cloudinary.com/dlhhx3za7/image/upload/pvhdcnbv4yu2rlf6oawh', 'meme', 1);
INSERT INTO items (id, fields_type, img_url, name, cluster_id) VALUES (14, 'TEXT', 'https://res.cloudinary.com/dlhhx3za7/image/upload/oaztecpwjzudvfgcksnj', 'cool word', 2);
INSERT INTO items (id, fields_type, img_url, name, cluster_id) VALUES (16, 'TEXT', null, '1', 5);
INSERT INTO items (id, fields_type, img_url, name, cluster_id) VALUES (15, 'TEXT', 'https://res.cloudinary.com/dlhhx3za7/image/upload/chnd7lqqbxulbav2ke31', 'item', 4);
INSERT INTO items (id, fields_type, img_url, name, cluster_id) VALUES (17, 'TEXT', 'https://res.cloudinary.com/dlhhx3za7/image/upload/b3sjwxhdxxyffukq91hc', 'banned', 16);

INSERT INTO tags (id, name) VALUES (1, 'cringe');
INSERT INTO tags (id, name) VALUES (2, 'kek');
INSERT INTO tags (id, name) VALUES (3, 'banana');
INSERT INTO tags (id, name) VALUES (4, 'meme');
INSERT INTO tags (id, name) VALUES (5, 'money');
INSERT INTO tags (id, name) VALUES (6, 'aaaaaa');
INSERT INTO tags (id, name) VALUES (7, 'words');
INSERT INTO tags (id, name) VALUES (8, 'item');
INSERT INTO tags (id, name) VALUES (9, '1');
INSERT INTO tags (id, name) VALUES (10, 'ban');

INSERT INTO tags_items (tag_id, item_id) VALUES (1, 1);
INSERT INTO tags_items (tag_id, item_id) VALUES (1, 2);
INSERT INTO tags_items (tag_id, item_id) VALUES (1, 3);
INSERT INTO tags_items (tag_id, item_id) VALUES (2, 3);
INSERT INTO tags_items (tag_id, item_id) VALUES (3, 4);
INSERT INTO tags_items (tag_id, item_id) VALUES (4, 5);
INSERT INTO tags_items (tag_id, item_id) VALUES (5, 5);
INSERT INTO tags_items (tag_id, item_id) VALUES (2, 6);
INSERT INTO tags_items (tag_id, item_id) VALUES (6, 7);
INSERT INTO tags_items (tag_id, item_id) VALUES (4, 8);
INSERT INTO tags_items (tag_id, item_id) VALUES (4, 9);
INSERT INTO tags_items (tag_id, item_id) VALUES (4, 10);
INSERT INTO tags_items (tag_id, item_id) VALUES (4, 11);
INSERT INTO tags_items (tag_id, item_id) VALUES (4, 12);
INSERT INTO tags_items (tag_id, item_id) VALUES (4, 13);
INSERT INTO tags_items (tag_id, item_id) VALUES (7, 14);
INSERT INTO tags_items (tag_id, item_id) VALUES (8, 15);
INSERT INTO tags_items (tag_id, item_id) VALUES (9, 16);
INSERT INTO tags_items (tag_id, item_id) VALUES (10, 17);

INSERT INTO type_two (item_id, field_one, field_three, field_two) VALUES (14, 'cool', 'круто', 'ko͞ol');
INSERT INTO type_two (item_id, field_one, field_three, field_two) VALUES (15, 'item', 'item', 'item');
INSERT INTO type_two (item_id, field_one, field_three, field_two) VALUES (16, '1', '3', '2');
INSERT INTO type_two (item_id, field_one, field_three, field_two) VALUES (17, 'ban', 'kek', 'ban');

INSERT INTO type_three (item_id, field_one, field_three, field_two) VALUES (1, 'cringe one', 'cringe three', 'cringe two');
INSERT INTO type_three (item_id, field_one, field_three, field_two) VALUES (2, 'another cringe one', 'another cringe three', 'another cringe two');
INSERT INTO type_three (item_id, field_one, field_three, field_two) VALUES (3, 'kek', 'cringe', 'lol');
INSERT INTO type_three (item_id, field_one, field_three, field_two) VALUES (4, 'banana', 'banana', 'banana');
INSERT INTO type_three (item_id, field_one, field_three, field_two) VALUES (5, 'meme', 'money', 'about');
INSERT INTO type_three (item_id, field_one, field_three, field_two) VALUES (6, 'kek', 'kek', 'kek');
INSERT INTO type_three (item_id, field_one, field_three, field_two) VALUES (8, 'meme meme meme meme meme meme meme meme meme meme meme meme meme meme meme meme meme meme meme meme meme meme', 'meme meme meme meme meme meme meme meme meme meme meme meme meme meme meme meme meme meme meme meme meme meme', 'meme meme meme meme meme meme meme meme meme meme meme meme meme meme meme meme meme meme meme meme meme meme');
INSERT INTO type_three (item_id, field_one, field_three, field_two) VALUES (12, 'meme meme meme meme meme meme meme meme meme meme meme meme meme meme meme meme meme meme meme meme meme meme', 'meme meme meme meme meme meme meme meme meme meme meme meme meme meme meme meme meme meme meme meme meme meme', 'meme meme meme meme meme meme meme meme meme meme meme meme meme meme meme meme meme meme meme meme meme meme');
INSERT INTO type_three (item_id, field_one, field_three, field_two) VALUES (11, 'kavo', 'sho', 'and');
INSERT INTO type_three (item_id, field_one, field_three, field_two) VALUES (10, 'frog', 'kva', 'kva');
INSERT INTO type_three (item_id, field_one, field_three, field_two) VALUES (7, 'aaaaaaaaaaaaa', 'aaaaaaaa aaaaaaaaa aaaaaaaaaaa aaaaaaaaaa aaaaaaaaaaaa aaaaaaaaa aaaaaaaaaaaa a aaaaaaaa aaaaaaaaaa', 'pain');
INSERT INTO type_three (item_id, field_one, field_three, field_two) VALUES (9, 'smoke', 'meme meme meme meme meme meme meme meme meme meme meme meme meme meme meme meme meme meme meme meme meme meme', 'meme');
INSERT INTO type_three (item_id, field_one, field_three, field_two) VALUES (13, 'hacker', 'meme meme meme meme meme meme meme meme meme meme meme meme meme meme meme meme meme meme meme meme meme meme', 'meme meme meme meme meme meme meme meme meme meme meme meme meme meme meme meme meme meme meme meme meme meme');

INSERT INTO comments (id, date, text, item_id, user_id) VALUES (1, '2022-08-31 19:49:22.054000', 'ta za sho', 17, 2);
INSERT INTO comments (id, date, text, item_id, user_id) VALUES (2, '2022-08-31 19:50:08.812000', 'kek', 17, 1);
INSERT INTO comments (id, date, text, item_id, user_id) VALUES (3, '2022-08-31 19:51:00.543000', ':(( rip', 17, 3);
